"2,0,2,0","[1, 2, 2, 1]"
"2,0,3,0","[1, 3, 4, 6, 6, 3, 1]"
"2,0,4,0","[1, 3, 5, 8, 13, 19, 24, 29, 17, 1]"
"2,0,5,0","[1, 3, 6, 10, 18, 32, 52, 84, 128, 172, 148, 44, 12, 6, 3, 1]"
"2,0,6,0","[1, 3, 6, 11, 20, 37, 66, 115, 196, 322, 497, 707, 879, 909, 750, 403, 104, 13, 1]"
"2,0,7,0","[1, 3, 6, 12, 22, 42, 78, 144, 260, 457, 791, 1331, 2146, 3247, 4498, 5660, 6480, 6754, 5278, 2553, 491, 44, 12, 6, 3, 1]"
"2,0,8,0","[1, 3, 6, 12, 23, 44, 83, 156, 290, 524, 935, 1655, 2856, 4821, 7933, 12419, 18332, 25689, 34059, 42480, 49062, 51365, 47673, 36265, 19595, 5959, 585, 47, 7, 1]"
"2,0,9,0","[1, 3, 6, 12, 24, 46, 88, 168, 318, 589, 1075, 1960, 3508, 6195, 10828, 18518, 30803, 49441, 76388, 113806, 162845, 223186, 291552, 360439, 420362, 456931, 458325, 414198, 318146, 167800, 37793, 3167, 213, 44, 12, 6, 3, 1]"
"2,0,10,0","[1, 3, 6, 12, 24, 47, 90, 173, 330, 617, 1141, 2103, 3822, 6873, 12285, 21703, 37862, 64949, 108695, 177105, 280918, 432988, 647776, 938053, 1311747, 1770739, 2299454, 2868342, 3431844, 3919807, 4269622, 4398218, 4232435, 3706968, 2781513, 1579516, 536023, 69960, 2774, 217, 37, 7, 1]"
"2,0,11,0","[1, 3, 6, 12, 24, 48, 92, 178, 342, 645, 1205, 2244, 4132, 7532, 13675, 24631, 43980, 77863, 136130, 233955, 394603, 652273, 1055438, 1669402, 2577172, 3879970, 5683505, 8098195, 11218036, 15079239, 19664742, 24838846, 30376385, 35952151, 41039126, 45140447, 47562578, 47688812, 44976203, 38871865, 29452708, 16662645, 5332312, 570694, 16447, 861, 179, 46, 12, 6, 3, 1]"
"2,1,2,1","[1, 1]"
"2,1,3,1","[1, 3, 2]"
"2,1,4,1","[1, 3, 5, 6, 5, 3, 1]"
"2,1,4,2","[1, 3, 3, 1]"
"2,1,5,1","[1, 3, 6, 10, 16, 24, 29, 21, 6, 3, 1]"
"2,1,5,2","[1, 3, 6, 10, 16, 24, 29, 21, 6, 3, 1]"
"2,1,6,1","[1, 3, 6, 11, 20, 35, 55, 81, 109, 128, 126, 95, 40, 6, 3, 1]"
"2,1,6,2","[1, 3, 6, 11, 16, 17, 12, 5, 1]"
"2,1,6,3","[1, 3, 6, 9, 5]"
"2,1,7,1","[1, 3, 6, 12, 22, 42, 73, 124, 203, 303, 425, 559, 678, 713, 746, 611, 355, 122, 28, 10, 3, 1]"
"2,1,7,2","[1, 3, 6, 12, 20, 34, 58, 96, 158, 234, 334, 456, 562, 672, 731, 737, 583, 280, 45, 12, 5, 1]"
"2,1,7,3","[1, 3, 6, 12, 20, 34, 55, 83, 124, 185, 274, 395, 558, 726, 808, 739, 540, 323, 104, 26, 14, 6, 3, 1]"
"2,1,8,1","[1, 3, 6, 12, 23, 44, 80, 142, 247, 411, 662, 1019, 1481, 2059, 2745, 3465, 4126, 4633, 4913, 4777, 4163, 3079, 1612, 488, 94, 25, 6, 3, 1]"
"2,1,8,2","[1, 3, 6, 12, 21, 36, 61, 96, 146, 199, 231, 201, 100, 27, 10, 2]"
"2,1,8,3","[1, 3, 6, 12, 21, 36, 60, 95, 150, 237, 366, 545, 795, 1155, 1666, 2327, 3086, 3854, 4530, 4996, 5119, 4583, 3383, 1984, 882, 305, 88, 25, 6, 3, 1]"
"2,1,8,4","[1, 3, 6, 12, 19, 17, 6]"
"2,1,9,1","[1, 3, 6, 12, 24, 46, 85, 156, 283, 492, 845, 1415, 2258, 3476, 5188, 7448, 10303, 13816, 17827, 22311, 26810, 31091, 34664, 36935, 37516, 35651, 31354, 23197, 13382, 4680, 1212, 268, 88, 25, 8, 3, 1]"
"2,1,9,2","[1, 3, 6, 12, 22, 38, 68, 120, 206, 349, 570, 914, 1412, 2123, 3133, 4504, 6327, 8625, 11505, 15021, 19099, 23613, 28154, 32397, 35872, 37701, 37249, 34491, 28822, 18996, 8738, 2270, 381, 85, 31, 12, 6, 3, 1]"
"2,1,9,3","[1, 3, 6, 12, 22, 38, 63, 95, 122, 129, 105, 49, 3]"
"2,1,9,4","[1, 3, 6, 12, 22, 38, 65, 107, 172, 268, 408, 620, 931, 1366, 1978, 2860, 4101, 5793, 8068, 11018, 14787, 19688, 25815, 32767, 39607, 44606, 45330, 40343, 29532, 17722, 8791, 3664, 1417, 597, 252, 92, 23, 6, 3, 1]"
"2,1,10,1","[1, 3, 6, 12, 24, 47, 87, 161, 297, 528, 927, 1611, 2726, 4492, 7184, 11109, 16751, 24624, 35105, 48718, 66154, 87373, 111996, 140388, 171657, 204213, 236429, 266276, 291271, 308831, 316158, 310824, 290837, 254374, 199563, 129134, 61718, 20467, 5183, 1116, 302, 92, 21, 6, 3, 1]"
"2,1,10,2","[1, 3, 6, 12, 22, 39, 70, 125, 216, 361, 590, 945, 1457, 2109, 2835, 3551, 4159, 4437, 3904, 2556, 1114, 258, 25, 4, 1]"
"2,1,10,3","[1, 3, 6, 12, 22, 39, 67, 112, 188, 314, 517, 838, 1329, 2045, 3068, 4545, 6708, 9838, 14207, 20110, 27999, 38546, 52466, 70349, 92556, 119062, 149223, 182190, 217730, 254890, 290234, 318231, 334637, 336252, 317313, 273013, 206542, 133786, 75747, 39938, 19829, 8816, 3454, 1259, 475, 178, 67, 27, 12, 6, 3, 1]"
"2,1,10,4","[1, 3, 6, 12, 22, 39, 67, 112, 184, 294, 464, 733, 1138, 1704, 2452, 3334, 4258, 4842, 4519, 3051, 1265, 273, 23, 3, 1]"
"2,1,10,5","[1, 3, 6, 12, 22, 37, 46, 28, 5]"
"2,1,11,1","[1, 3, 6, 12, 24, 48, 89, 166, 309, 560, 1001, 1776, 3097, 5314, 8937, 14618, 23293, 36288, 55172, 81871, 118838, 169112, 235115, 319961, 427229, 559464, 716979, 903686, 1116773, 1352909, 1609076, 1880395, 2148532, 2408704, 2650204, 2844421, 2980448, 3049721, 3017424, 2878200, 2626374, 2235627, 1702643, 1044515, 475424, 155851, 42082, 10262, 2835, 937, 328, 100, 32, 10, 3, 1]"
"2,1,11,2","[1, 3, 6, 12, 22, 40, 72, 130, 230, 397, 682, 1154, 1937, 3191, 5111, 8001, 12251, 18465, 27423, 39892, 57045, 80628, 112557, 154908, 210147, 281345, 371408, 483838, 621765, 785674, 976164, 1194403, 1436429, 1696458, 1970193, 2248594, 2519496, 2767436, 2969625, 3104916, 3151450, 3079981, 2867329, 2488212, 1936233, 1270751, 645163, 238422, 61536, 12173, 2461, 679, 244, 85, 22, 6, 3, 1]"
"2,1,11,3","[1, 3, 6, 12, 22, 40, 69, 117, 200, 340, 569, 945, 1546, 2472, 3851, 5866, 8767, 12985, 19172, 28062, 40379, 57215, 80280, 111736, 154288, 210919, 284697, 378893, 496405, 639448, 810437, 1012363, 1246697, 1511100, 1797997, 2101015, 2409595, 2708575, 2972426, 3172407, 3276488, 3252060, 3063097, 2680655, 2110960, 1453697, 871460, 467175, 235761, 117422, 57204, 27172, 12461, 5294, 2184, 1004, 448, 199, 85, 33, 14, 6, 3, 1]"
"2,1,11,4","[1, 3, 6, 12, 22, 40, 69, 117, 196, 320, 520, 842, 1354, 2139, 3286, 4933, 7310, 10781, 15867, 23180, 33416, 47461, 66519, 92372, 127568, 175124, 238080, 319959, 425365, 559227, 726454, 931740, 1177770, 1465544, 1793585, 2153821, 2529419, 2893000, 3208036, 3423860, 3508459, 3421308, 3131851, 2631465, 1978755, 1309347, 763280, 393177, 184843, 81767, 33388, 12566, 4495, 1720, 701, 234, 73, 29, 14, 6, 3, 1]"
"2,1,11,5","[1, 3, 6, 12, 22, 40, 69, 117, 196, 320, 515, 813, 1263, 1949, 2977, 4451, 6522, 9486, 13802, 20007, 28733, 40838, 57261, 78870, 107061, 144266, 193601, 259069, 346004, 460027, 605751, 787463, 1011603, 1287822, 1625786, 2029039, 2486582, 2974318, 3447404, 3835812, 4035702, 3941321, 3488449, 2724519, 1829973, 1058798, 541720, 254325, 107982, 40699, 14139, 5375, 2345, 1037, 390, 110, 25, 6, 3, 1]"
"2,1,12,1","[1, 3, 6, 12, 24, 48, 90, 168, 314, 572, 1033, 1850, 3263, 5701, 9863, 16759, 27866, 45291, 72099, 112521, 171929, 257112, 377904, 545894, 773038, 1075171, 1473589, 1986076, 2630262, 3432644, 4416186, 5590709, 6971232, 8572605, 10385539, 12397678, 14595522, 16933499, 19356689, 21817886, 24222746, 26460935, 28458315, 30093680, 31217047, 31732310, 31542112, 30496145, 28508698, 25523039, 21432297, 16273946, 10527747, 5424324, 2143159, 658412, 170062, 42140, 10995, 3283, 1066, 361, 100, 23, 6, 3, 1]"
"2,1,12,2","[1, 3, 6, 12, 22, 40, 73, 132, 235, 409, 704, 1198, 2019, 3359, 5490, 8754, 13455, 20040, 29013, 40559, 54910, 71309, 88725, 105254, 117594, 122887, 117879, 100035, 70970, 39564, 16233, 4532, 988, 297, 80, 16, 3]"
"2,1,12,3","[1, 3, 6, 12, 22, 40, 70, 119, 205, 350, 583, 949, 1510, 2311, 3426, 4720, 5903, 6586, 6257, 4778, 2641, 864, 112, 4]"
"2,1,12,4","[1, 3, 6, 12, 22, 40, 70, 119, 199, 320, 488, 678, 844, 908, 813, 502, 149, 10]"
"2,1,12,5","[1, 3, 6, 12, 22, 40, 70, 119, 201, 332, 541, 869, 1379, 2184, 3444, 5338, 8073, 11968, 17546, 25620, 37389, 54463, 78766, 112421, 157847, 218413, 299481, 408443, 553914, 746444, 1000256, 1333612, 1768417, 2330500, 3049951, 3961613, 5108108, 6543496, 8327072, 10504397, 13093568, 16091345, 19485592, 23246974, 27294044, 31443674, 35382422, 38631941, 40598844, 40677650, 38410724, 33718019, 27123253, 19732023, 12841214, 7457800, 3899160, 1857003, 814782, 332784, 127508, 45517, 15256, 5193, 1798, 554, 144, 33, 6, 3, 1]"
"2,1,12,6","[1, 3, 6, 12, 22, 40, 68, 96, 92, 41, 3]"
"2,1,13,1","[1, 3, 6, 12, 24, 48, 91, 170, 319, 584, 1063, 1920, 3421, 6052, 10634, 18473, 31652, 53352, 88140, 142883, 227466, 355271, 544412, 820735, 1216936, 1773910, 2544596, 3598674, 5013032, 6880807, 9320848, 12458079, 16429644, 21396997, 27535909, 34994952, 43951613, 54575165, 66975698, 81275047, 97554526, 115780301, 135902073, 157819493, 181229759, 205792009, 231141361, 256581125, 281453793, 305079428, 326430281, 344503519, 358540900, 367339920, 369741101, 365143802, 352536210, 330855376, 299705540, 258322962, 205546603, 144249635, 84147086, 39002166, 14317977, 4377538, 1218565, 328146, 90104, 26947, 9121, 3190, 1094, 363, 107, 28, 8, 3, 1]"
"2,1,13,2","[1, 3, 6, 12, 22, 40, 74, 134, 240, 421, 730, 1266, 2173, 3700, 6235, 10395, 17066, 27435, 43210, 66841, 101927, 153313, 227103, 331927, 480041, 687370, 973409, 1363835, 1892662, 2602661, 3547099, 4789101, 6405188, 8489779, 11156231, 14533053, 18754480, 23958597, 30304552, 37980778, 47167690, 58025966, 70716104, 85383149, 102116959, 120956373, 141908283, 164907428, 189709842, 215886929, 242919508, 270199807, 296975805, 322328991, 345119584, 364018096, 377739711, 385092514, 384801443, 375470221, 355696676, 323955463, 279173963, 221713589, 156066489, 92855837, 44427067, 16520829, 4791012, 1143528, 244323, 53209, 13909, 4662, 1746, 640, 217, 76, 30, 12, 6, 3, 1]"
"2,1,13,3","[1, 3, 6, 12, 22, 40, 71, 121, 210, 364, 621, 1049, 1762, 2928, 4817, 7848, 12553, 19622, 30058, 45380, 67899, 100730, 147792, 214222, 307279, 437826, 620357, 872504, 1216894, 1684195, 2315857, 3163482, 4287274, 5758596, 7661077, 10094145, 13179609, 17060694, 21895790, 27855846, 35135571, 43952016, 54538109, 67115475, 81877523, 98965494, 118474162, 140458743, 164889502, 191539031, 219968432, 249529785, 279423663, 308717795, 336343816, 360949515, 380867599, 394310610, 399501048, 394694487, 378039911, 347686777, 302978792, 245959041, 183359347, 125334721, 80100780, 49450637, 30201815, 18322790, 10941718, 6378296, 3617024, 1996753, 1081169, 582241, 315314, 171967, 91407, 45728, 22078, 10648, 5203, 2545, 1212, 555, 246, 98, 33, 12, 6, 3, 1]"
"2,1,13,4","[1, 3, 6, 12, 22, 40, 71, 121, 206, 344, 572, 954, 1574, 2578, 4197, 6749, 10635, 16390, 24760, 36970, 54980, 81494, 119892, 174219, 249764, 354342, 499383, 700865, 979980, 1362835, 1880218, 2569012, 3475394, 4660381, 6208151, 8225431, 10828539, 14138596, 18296413, 23486970, 29952677, 37984475, 47897868, 59998973, 74550360, 91755339, 111745066, 134564029, 160149616, 188367639, 218910399, 251287740, 284670301, 317739035, 348884372, 376440273, 398743635, 413998149, 420085770, 414236962, 393386088, 355531766, 301781832, 237759748, 172705947, 116007949, 72870469, 43363193, 24742132, 13674143, 7352284, 3836528, 1925457, 923936, 425844, 187653, 77819, 30642, 12410, 5319, 2302, 969, 384, 143, 54, 25, 12, 6, 3, 1]"
"2,1,13,5","[1, 3, 6, 12, 22, 40, 71, 121, 206, 344, 567, 925, 1495, 2411, 3873, 6163, 9626, 14706, 22029, 32574, 47942, 70478, 103323, 150507, 217133, 309754, 436875, 609928, 845017, 1163814, 1592804, 2163383, 2914951, 3898639, 5180440, 6846261, 9005514, 11793471, 15377846, 19966714, 25808146, 33174934, 42341427, 53575349, 67161647, 83435448, 102789299, 125628427, 152263963, 182789174, 217007693, 254394698, 294103101, 334671841, 374116596, 409755080, 438298392, 455882110, 458378041, 442524726, 407210952, 353702049, 286520504, 213728578, 145442593, 89899196, 50567121, 26119653, 12625399, 5827355, 2611900, 1130390, 463034, 178946, 65600, 23662, 8801, 3202, 1112, 386, 150, 72, 35, 17, 8, 3, 1]"
"2,1,13,6","[1, 3, 6, 12, 22, 40, 71, 121, 206, 344, 567, 925, 1489, 2371, 3734, 5841, 9060, 13806, 20578, 30188, 44078, 64410, 93921, 136102, 195785, 279255, 393431, 545860, 747048, 1012781, 1365174, 1835237, 2465632, 3308669, 4420900, 5860264, 7689939, 9990005, 12872262, 16490911, 21045622, 26779418, 33984492, 43023428, 54340675, 68437191, 85827409, 107018827, 132523670, 162864781, 198532390, 239777665, 286324496, 337039807, 389672673, 440630325, 484728386, 515453094, 524956696, 505759640, 453901386, 372827768, 275681050, 181542407, 106728110, 56833648, 28031099, 13037188, 5770715, 2417544, 965062, 382127, 159909, 70306, 30568, 12634, 4974, 1815, 572, 146, 28, 6, 3, 1]"
"3,0,3,0","[1, 4, 8, 16, 24, 6, 1]"
"3,0,4,0","[1, 4, 9, 20, 40, 72, 120, 169, 160, 85, 26, 9, 4, 1]"
"3,0,5,0","[1, 4, 10, 24, 52, 110, 216, 380, 572, 652, 406, 76, 12, 4, 1]"
"3,0,6,0","[1, 4, 10, 25, 56, 122, 260, 526, 1036, 1930, 3444, 5677, 7980, 8814, 6416, 3022, 831, 140, 20, 5, 1]"
"3,0,7,0","[1, 4, 10, 26, 60, 134, 300, 640, 1340, 2703, 5284, 9863, 17292, 27636, 37659, 39224, 27923, 10012, 1202, 104, 18, 4, 1]"
"3,0,8,0","[1, 4, 10, 26, 61, 138, 312, 680, 1460, 3063, 6364, 12957, 25712, 50079, 94863, 170771, 284994, 434688, 592475, 694478, 643393, 411791, 160938, 34292, 4688, 491, 56, 10, 4, 1]"
"3,0,9,0","[1, 4, 10, 26, 62, 142, 324, 720, 1576, 3385, 7234, 15196, 31338, 63779, 127399, 248128, 466823, 829350, 1370845, 2090876, 2898928, 3551521, 3673103, 2875347, 1381797, 294543, 24277, 1560, 91, 10, 4, 1]"
"3,0,10,0","[1, 4, 10, 26, 62, 143, 328, 732, 1616, 3501, 7562, 16136, 33966, 71111, 147361, 301274, 609042, 1212045, 2344734, 4373643, 7832240, 13401910, 21796159, 33467813, 48022397, 63596858, 76211908, 79786597, 67810262, 40855339, 14341926, 2506349, 231271, 16187, 1017, 55, 10, 4, 1]"
"3,1,3,1","[1, 4, 6, 1]"
"3,1,4,1","[1, 4, 9, 20, 38, 41, 6, 1]"
"3,1,4,2","[1, 4, 9, 14, 16, 24, 24, 12, 8, 6, 2]"
"3,1,5,1","[1, 4, 10, 24, 50, 83, 97, 74, 12, 4, 1]"
"3,1,5,2","[1, 4, 10, 22, 42, 73, 112, 75, 16, 4, 1]"
"3,1,6,1","[1, 4, 10, 25, 56, 122, 264, 516, 981, 1464, 1164, 393, 35, 4, 1]"
"3,1,6,2","[1, 4, 10, 25, 60, 130, 243, 450, 758, 1156, 1114, 670, 269, 109, 34, 6, 1]"
"3,1,6,3","[1, 4, 10, 25, 50, 96, 192, 384, 668, 940, 1003, 926, 525, 201, 15]"
"3,1,7,1","[1, 4, 10, 26, 60, 134, 301, 605, 1171, 2120, 3355, 4570, 4548, 2717, 510, 25, 3]"
"3,1,7,2","[1, 4, 10, 26, 64, 160, 392, 923, 2050, 3770, 5429, 5028, 2028, 253, 21, 1]"
"3,1,7,3","[1, 4, 10, 26, 62, 147, 354, 808, 1657, 3145, 4576, 4824, 3243, 1161, 133, 9]"
"3,1,8,1","[1, 4, 10, 26, 61, 138, 318, 679, 1467, 3113, 6360, 12844, 24898, 43228, 63259, 77135, 72676, 44249, 11432, 873, 88, 16, 4, 1]"
"3,1,8,2","[1, 4, 10, 26, 65, 164, 401, 956, 2250, 5086, 10830, 21827, 39844, 61175, 75812, 70997, 45911, 20026, 5781, 1417, 271, 22, 4]"
"3,1,8,3","[1, 4, 10, 26, 65, 164, 410, 1027, 2482, 5764, 13138, 27740, 53028, 84495, 97073, 62016, 14493, 905, 34, 4, 1]"
"3,1,8,4","[1, 4, 10, 26, 65, 150, 336, 768, 1688, 3648, 7500, 14310, 26088, 45522, 70740, 86828, 64018, 25496, 9634, 3638, 1412, 598, 244, 88, 40, 18, 8, 2]"
"3,1,9,1","[1, 4, 10, 26, 62, 142, 330, 719, 1571, 3389, 7008, 14344, 28254, 53135, 95192, 153340, 222656, 290379, 329123, 313201, 216507, 76129, 8356, 447, 60, 10, 4, 1]"
"3,1,9,2","[1, 4, 10, 26, 66, 168, 418, 1028, 2476, 5823, 13024, 28793, 61462, 123018, 228210, 371896, 472668, 375323, 122211, 7724, 46, 4, 1]"
"3,1,9,3","[1, 4, 10, 26, 66, 168, 420, 1056, 2553, 6046, 14124, 31208, 66454, 133543, 245050, 387081, 464851, 339082, 106165, 13564, 2230, 518, 145, 30, 4, 1]"
"3,1,9,4","[1, 4, 10, 26, 66, 166, 412, 1036, 2504, 5844, 13449, 29724, 62616, 123544, 222561, 349056, 427114, 356258, 174239, 41537, 3985, 224, 19, 4, 1]"
"3,1,10,1","[1, 4, 10, 26, 62, 143, 334, 731, 1621, 3562, 7598, 16232, 34234, 71083, 146619, 296028, 570994, 1022753, 1724369, 2707887, 3921842, 5215601, 6286749, 6696224, 5974693, 3831070, 1243327, 135443, 6957, 547, 48, 8]"
"3,1,10,2","[1, 4, 10, 26, 66, 169, 422, 1040, 2522, 5994, 13670, 31223, 69437, 150185, 319726, 661963, 1312846, 2463956, 4258960, 6527005, 8296896, 7933317, 5117964, 2113640, 540769, 85794, 8891, 290, 14]"
"3,1,10,3","[1, 4, 10, 26, 66, 169, 428, 1092, 2720, 6698, 16390, 39107, 92020, 212202, 475366, 1030224, 2126433, 4094721, 6988343, 9702656, 9356337, 4831027, 899417, 40724, 585, 29, 4, 1]"
"3,1,10,4","[1, 4, 10, 26, 66, 169, 428, 1092, 2720, 6703, 16364, 39113, 91532, 209657, 464231, 985486, 1969158, 3619170, 5879470, 7997127, 8487242, 6368386, 2909954, 751653, 108210, 8406, 419, 3]"
"3,1,10,5","[1, 4, 10, 26, 66, 169, 410, 992, 2352, 5504, 12780, 28398, 61506, 130250, 267514, 530863, 1013905, 1846193, 3145241, 4968912, 6970821, 8131073, 7169704, 4120535, 1270434, 214924, 22382, 1751, 80]"
"3,1,11,1","[1, 4, 10, 26, 62, 144, 338, 743, 1661, 3671, 7893, 17004, 36130, 75733, 157315, 320359, 639743, 1240609, 2275687, 3929957, 6454158, 9990635, 14543625, 19924725, 25619932, 30669368, 33845318, 33788256, 29134536, 19068718, 6852025, 859774, 40036, 2426, 165, 13]"
"3,1,11,2","[1, 4, 10, 26, 66, 170, 426, 1052, 2570, 6150, 14184, 32860, 74731, 167038, 370090, 807949, 1726869, 3590977, 7204254, 13704263, 24124389, 37944434, 50536043, 52160836, 35205883, 10983117, 837109, 5286, 13]"
"3,1,11,3","[1, 4, 10, 26, 66, 170, 432, 1104, 2758, 6803, 16700, 40282, 96083, 226045, 521006, 1178001, 2599656, 5558746, 11378425, 21829774, 37686883, 54425913, 57620836, 35977030, 9607296, 716528, 10150, 72]"
"3,1,11,4","[1, 4, 10, 26, 66, 170, 432, 1104, 2766, 6891, 17054, 41458, 99932, 238721, 559974, 1287212, 2876034, 6206505, 12725608, 24166891, 40742903, 56330370, 55469065, 31064745, 7190058, 465527, 7160, 111, 2]"
"3,1,11,5","[1, 4, 10, 26, 66, 170, 430, 1091, 2722, 6704, 16244, 38542, 90553, 208919, 468842, 1029144, 2196131, 4507993, 8842243, 16322283, 27671150, 41521676, 51759332, 47723075, 27587331, 8325861, 1111823, 65759, 2495, 163, 15, 2]"
"3,1,12,1","[1, 4, 10, 26, 62, 144, 339, 747, 1673, 3714, 8038, 17433, 37474, 79679, 169061, 355229, 742037, 1540470, 3155213, 6294184, 11978804, 21974446, 38861674, 65859449, 107034308, 166793491, 248627338, 353459076, 477153173, 608747732, 728888156, 812532223, 831877038, 761175683, 582364404, 310352586, 79463878, 7077437, 364500, 27040, 2568, 233, 24, 1]"
"4,0,4,0","[1, 4, 10, 24, 58, 140, 334, 710, 1158, 1270, 834, 343, 123, 29, 2]"
"4,0,5,0","[1, 4, 11, 28, 72, 186, 470, 1170, 2640, 5148, 8502, 10582, 7851, 2912, 660, 79, 4]"
"4,0,6,0","[1, 4, 11, 29, 76, 200, 522, 1345, 3229, 7350, 15620, 31355, 55997, 81446, 86446, 57169, 19428, 2540, 110, 2]"
"4,0,7,0","[1, 4, 11, 30, 80, 214, 570, 1500, 3712, 8914, 20602, 46041, 98952, 201052, 376949, 622752, 837137, 809112, 464523, 124736, 11447, 434, 24, 3]"
"4,0,8,0","[1, 4, 11, 30, 81, 218, 584, 1548, 3873, 9436, 22343, 51963, 117398, 258742, 551824, 1128053, 2173509, 3854466, 6088405, 8127504, 8442293, 6052951, 2532488, 473057, 25587, 428, 3]"
"4,1,4,1","[1, 4, 10, 22, 42, 33, 7, 1]"
"4,1,4,2","[1, 4, 10, 24, 54, 116, 230, 206, 65, 10]"
"4,1,5,1","[1, 4, 11, 28, 68, 152, 334, 664, 1124, 1448, 1032, 172, 2]"
"4,1,5,2","[1, 4, 11, 28, 72, 178, 426, 856, 1495, 1443, 490, 36]"
"4,1,6,1","[1, 4, 11, 29, 72, 166, 384, 836, 1738, 3456, 6186, 9267, 10030, 6241, 1721, 157, 16, 4, 1]"
"4,1,6,2","[1, 4, 11, 29, 74, 188, 454, 1040, 2247, 4435, 7645, 10017, 8944, 4405, 784, 42]"
"4,1,6,3","[1, 4, 11, 29, 76, 190, 458, 1093, 2552, 5590, 10227, 11754, 6815, 1500, 20]"
"4,1,7,1","[1, 4, 11, 30, 76, 180, 430, 973, 2128, 4572, 9582, 19080, 35208, 59220, 84688, 86682, 49419, 10103, 488, 5]"
"4,1,7,2","[1, 4, 11, 30, 80, 214, 564, 1464, 3766, 9489, 22892, 50512, 93414, 114517, 58922, 6899, 94, 6, 1]"
"4,1,7,3","[1, 4, 11, 30, 80, 214, 568, 1502, 3706, 8860, 20240, 43680, 79944, 107049, 77606, 18516, 847, 21, 1]"
"4,1,8,1","[1, 4, 11, 30, 77, 184, 446, 1033, 2349, 5347, 12133, 27289, 60321, 129572, 263053, 484785, 760085, 903838, 681829, 261537, 34090, 780, 5, 1]"
"4,1,8,2","[1, 4, 11, 30, 81, 218, 578, 1502, 3863, 9762, 24309, 59038, 137857, 304326, 598921, 934951, 953618, 502041, 95158, 2528, 3]"
"4,1,8,3","[1, 4, 11, 30, 81, 216, 572, 1514, 3961, 10176, 25974, 64931, 157069, 354627, 690541, 1004280, 885716, 377627, 50444, 993, 30, 2]"
"4,1,8,4","[1, 4, 11, 30, 81, 218, 566, 1446, 3641, 9090, 22359, 53454, 123013, 268997, 537397, 885469, 994403, 591858, 132914, 3834, 14]"
"4,1,9,1","[1, 4, 11, 30, 78, 188, 460, 1081, 2498, 5799, 13408, 30898, 70748, 160512, 359177, 781793, 1630784, 3178106, 5605942, 8454257, 9867905, 7293787, 2306210, 152283, 835, 4, 1]"
"4,1,9,2","[1, 4, 11, 30, 82, 222, 592, 1560, 4088, 10624, 27391, 69790, 174748, 429339, 1020658, 2303952, 4788749, 8551339, 11390015, 8692856, 2353929, 96502, 310, 7, 1]"
"4,1,9,3","[1, 4, 11, 30, 82, 222, 598, 1610, 4284, 11348, 29877, 77570, 199047, 498985, 1203729, 2730823, 5620656, 9656239, 11632779, 7015210, 1199142, 33829, 702, 21, 1]"
"4,1,9,4","[1, 4, 11, 30, 82, 222, 598, 1610, 4302, 11274, 29470, 76579, 197159, 497598, 1216768, 2798219, 5749222, 9622373, 11112732, 6868154, 1629098, 100057, 1220, 16, 1]"
"4,1,10,1","[1, 4, 11, 30, 78, 189, 464, 1095, 2546, 5946, 13877, 32280, 74840, 172745, 395618, 893775, 1981791, 4287121, 8966583, 17886604, 33313093, 56325962, 83294840, 102050396, 94379136, 56217389, 17060577, 1627175, 17344, 89, 1]"
"4,1,10,2","[1, 4, 11, 30, 82, 223, 596, 1574, 4134, 10767, 27813, 71029, 178783, 443845, 1081885, 2579408, 6001029, 13478147, 28620524, 55498213, 92612170, 120064958, 102974796, 47176768, 7998868, 175833, 108, 1]"
"4,1,10,3","[1, 4, 11, 30, 82, 223, 602, 1624, 4342, 11553, 30727, 81280, 213427, 554214, 1417655, 3549333, 8611534, 19883292, 42443641, 79465691, 118201040, 119432426, 67608136, 16514624, 969556, 6502, 46, 4]"
"4,1,10,4","[1, 4, 11, 30, 82, 223, 600, 1612, 4300, 11427, 30238, 79474, 207621, 538657, 1382813, 3484712, 8548650, 20064553, 43536882, 82039361, 120609076, 118112361, 64248354, 15160479, 932103, 7907, 69]"
"4,2,4,2","[1, 4, 10, 8, 1]"
"4,2,5,1","[1, 4, 11, 28, 72, 176, 396, 856, 1359, 1361, 644, 112, 16, 4]"
"4,2,5,2","[1, 4, 11, 28, 72, 160, 298, 528, 917, 1248, 1093, 532, 136, 10, 2]"
"4,2,6,1","[1, 4, 11, 29, 76, 200, 512, 1261, 2868, 5717, 9406, 10922, 7169, 2023, 117, 4]"
"4,2,6,2","[1, 4, 11, 29, 76, 184, 430, 955, 1973, 3766, 6539, 9122, 9132, 5969, 1979, 128, 19, 3]"
"4,2,6,3","[1, 4, 11, 29, 62, 97, 98, 56, 19, 6, 1]"
"4,2,7,1","[1, 4, 11, 30, 80, 214, 570, 1480, 3717, 8727, 18840, 38089, 65842, 91403, 86118, 41555, 5850, 281, 48, 15, 4, 1]"
"4,2,7,2","[1, 4, 11, 30, 80, 198, 480, 1176, 2703, 6028, 12616, 25120, 45849, 73175, 93720, 73128, 24710, 3497, 310, 36, 7, 1]"
"4,2,7,3","[1, 4, 11, 30, 80, 198, 484, 1180, 2709, 5928, 12355, 24579, 46396, 76385, 95586, 72933, 22788, 1170, 57, 6]"
"4,2,8,1","[1, 4, 11, 30, 81, 218, 584, 1528, 3870, 9381, 22217, 51098, 110820, 222382, 403449, 636110, 815093, 763980, 448149, 129612, 10125, 57]"
"4,2,8,2","[1, 4, 11, 30, 81, 202, 492, 1212, 2957, 7132, 16995, 39442, 88753, 189853, 373238, 641106, 882843, 835694, 444116, 99697, 4913, 28]"
"4,2,8,3","[1, 4, 11, 30, 81, 202, 498, 1228, 2918, 6798, 15730, 35968, 80416, 174287, 352505, 623383, 877509, 853162, 477549, 119250, 7176, 88, 6]"
"4,2,8,4","[1, 4, 11, 30, 81, 184, 369, 590, 466, 148, 32, 4]"
"4,2,9,1","[1, 4, 11, 30, 82, 222, 598, 1576, 4031, 9915, 23866, 56432, 130693, 294205, 637984, 1319774, 2540212, 4438342, 6792928, 8631706, 8331789, 5162873, 1453438, 85912, 175, 1]"
"4,2,9,2","[1, 4, 11, 30, 82, 206, 512, 1296, 3246, 8064, 19942, 48714, 117656, 278636, 639521, 1408331, 2914769, 5464979, 8729079, 10443228, 7469356, 2203514, 163418, 2191, 12, 2]"
"4,2,9,3","[1, 4, 11, 30, 82, 206, 512, 1276, 3075, 7278, 17299, 40702, 93776, 210543, 465019, 993413, 2029553, 3871034, 6562813, 9206292, 9286094, 5499096, 1493515, 133262, 1904, 10]"
"4,2,9,4","[1, 4, 11, 30, 82, 206, 512, 1276, 3075, 7284, 17169, 39746, 90408, 203890, 454852, 989710, 2061655, 4003804, 6935361, 9835431, 9630868, 4871973, 754475, 14959, 18]"
"5,0,5,0","[1, 4, 12, 32, 88, 240, 644, 1720, 4424, 10278, 21556, 38506, 51846, 40213, 11104, 713, 57, 2]"
"5,0,6,0","[1, 4, 12, 33, 92, 256, 704, 1934, 5146, 13078, 31956, 74710, 163195, 329656, 584037, 840064, 859553, 529898, 168700, 24232, 1481, 58]"
"5,0,7,0","[1, 4, 12, 34, 96, 272, 760, 2128, 5780, 15138, 38644, 95318, 226483, 516057, 1103583, 2169414, 3700798, 4946225, 4471961, 2201186, 439723, 24053, 700, 30]"
"5,1,5,1","[1, 4, 12, 32, 82, 204, 496, 1153, 2431, 4325, 5829, 4408, 1133, 50]"
"5,1,5,2","[1, 4, 12, 32, 88, 240, 642, 1684, 3756, 6201, 5631, 1791, 76, 2]"
"5,1,6,1","[1, 4, 12, 33, 88, 232, 608, 1596, 4085, 10132, 24209, 53006, 95034, 111383, 56032, 6323, 101, 1]"
"5,1,6,2","[1, 4, 12, 33, 92, 256, 702, 1905, 5156, 13405, 32233, 66864, 102027, 90566, 40194, 8678, 715, 36, 1]"
"5,1,6,3","[1, 4, 12, 33, 92, 256, 684, 1786, 4616, 11308, 26093, 55548, 95641, 108737, 51473, 6288, 288, 18, 2]"
"5,1,7,1","[1, 4, 12, 34, 92, 248, 664, 1782, 4699, 12169, 30968, 75996, 172665, 343062, 521035, 472780, 166719, 11390, 75, 4, 1]"
"5,1,7,2","[1, 4, 12, 34, 96, 270, 750, 2088, 5752, 15604, 41736, 107602, 254705, 492977, 603270, 271259, 18151, 88, 1]"
"5,1,7,3","[1, 4, 12, 34, 96, 272, 768, 2169, 6034, 16523, 44317, 113635, 262697, 487964, 568267, 279317, 31816, 457, 17]"
"5,1,8,1","[1, 4, 12, 34, 93, 252, 680, 1838, 4887, 12825, 33303, 85085, 211724, 513061, 1209060, 2725299, 5586914, 9487486, 11320502, 7173245, 1502855, 47465, 167, 7, 1]"
"5,1,8,2","[1, 4, 12, 34, 97, 276, 778, 2196, 6180, 17246, 47852, 130939, 349162, 887611, 2117430, 4520294, 7967821, 10293163, 8477516, 4017662, 983930, 94547, 2031, 18]"
"5,1,8,3","[1, 4, 12, 34, 97, 276, 784, 2232, 6332, 17894, 50346, 140268, 386781, 1039738, 2665029, 6156904, 11274519, 12569391, 5229664, 374229, 2248, 16, 1]"
"5,1,8,4","[1, 4, 12, 34, 97, 276, 784, 2176, 5960, 16210, 43436, 114344, 295157, 740047, 1774902, 3923789, 7521802, 11075596, 9999114, 3911678, 477613, 13695, 72, 1]"
"5,1,9,1","[1, 4, 12, 34, 94, 256, 696, 1894, 5073, 13419, 35167, 90794, 229038, 566170, 1372468, 3250260, 7380210, 15658117, 29905245, 48500965, 61229161, 50530988, 19068847, 1653166, 8719, 2]"
"5,1,9,2","[1, 4, 12, 34, 98, 280, 794, 2252, 6380, 17908, 50038, 138575, 377241, 1000256, 2581082, 6412531, 15065992, 32309302, 57590140, 71364854, 44489516, 7948362, 145046, 102]"
"5,1,9,3","[1, 4, 12, 34, 98, 280, 798, 2276, 6454, 18225, 51228, 143169, 396624, 1082449, 2888522, 7399857, 17744832, 37979680, 65330325, 71655598, 32067553, 2715025, 17664, 91, 1]"
"5,1,9,4","[1, 4, 12, 34, 98, 280, 800, 2288, 6534, 18589, 52478, 147417, 410475, 1127666, 3024296, 7785250, 18631378, 39032332, 63983031, 67324002, 33051312, 4789789, 112414, 318, 2]"
"5,1,10,1","[1, 4, 12, 34, 94, 257, 700, 1910, 5131, 13619, 35831, 92983, 236067, 589856, 1457047, 3568925, 8629950, 20602919, 48406658, 110646896, 241977731, 491342260, 885884178, 1338614074, 1545762885, 1134904130, 367356669, 26766533, 123356, 85, 4, 1]"
"5,2,5,2","[1, 4, 12, 32, 86, 228, 594, 1485, 3337, 5692, 5860, 2520, 296, 13]"
"5,2,6,1","[1, 4, 12, 33, 92, 256, 698, 1882, 4908, 12452, 29397, 61453, 102234, 103170, 42313, 3866, 101, 7, 1]"
"5,2,6,2","[1, 4, 12, 33, 92, 250, 670, 1802, 4764, 12305, 29901, 64521, 107132, 102227, 36074, 3008, 84]"
"5,2,6,3","[1, 4, 12, 33, 92, 256, 678, 1685, 3975, 9017, 19371, 38795, 65620, 87941, 85589, 44053, 5714, 44]"
"5,2,7,1","[1, 4, 12, 34, 96, 272, 762, 2114, 5692, 14951, 37812, 89969, 196003, 361123, 495977, 428091, 165373, 15749, 343, 17, 4, 1]"
"5,2,7,2","[1, 4, 12, 34, 96, 272, 764, 2152, 5964, 16384, 44304, 113965, 266344, 505488, 596112, 248656, 13811, 37]"
"5,2,7,3","[1, 4, 12, 34, 96, 270, 752, 2100, 5681, 14978, 38262, 92561, 203811, 378280, 521072, 418257, 129734, 8393, 101, 1]"
"5,2,8,1","[1, 4, 12, 34, 97, 276, 778, 2184, 5994, 16195, 42482, 108088, 267781, 644117, 1483721, 3209267, 6153320, 9633702, 10646135, 6377416, 1284139, 40772, 275, 9, 1]"
"5,2,8,2","[1, 4, 12, 34, 97, 276, 780, 2208, 6220, 17460, 48522, 132644, 354265, 916676, 2247455, 5029534, 9474874, 12580939, 7917969, 1174682, 12132, 16]"
"5,2,8,3","[1, 4, 12, 34, 97, 276, 780, 2208, 6188, 17222, 47535, 130509, 352453, 925457, 2315784, 5273630, 9888905, 12505123, 7339271, 1092066, 19116, 127, 2]"
"5,2,8,4","[1, 4, 12, 34, 97, 276, 780, 2166, 5838, 15502, 40274, 101990, 250983, 593168, 1328409, 2749521, 5087344, 8036034, 9955797, 8308414, 3211902, 227756, 498]"
"5,2,9,1","[1, 4, 12, 34, 98, 280, 794, 2240, 6190, 16844, 44590, 115002, 290726, 718692, 1728103, 4027081, 8846758, 17954759, 32514673, 49778398, 59080223, 46011134, 16843957, 1507813, 12306, 87, 1]"
"5,2,9,2","[1, 4, 12, 34, 98, 280, 796, 2264, 6406, 18070, 50626, 139857, 380148, 1011567, 2615768, 6488935, 15154812, 32130420, 56372139, 69887232, 45779213, 9237905, 224040, 173]"
"5,2,9,3","[1, 4, 12, 34, 98, 280, 792, 2240, 6260, 17379, 48061, 132338, 360504, 969686, 2560786, 6576061, 16021695, 35297632, 63397410, 73940722, 36377193, 3764826, 26728, 56, 2]"
"5,2,9,4","[1, 4, 12, 34, 98, 280, 794, 2252, 6332, 17661, 48911, 134385, 363290, 963477, 2477506, 6093738, 13948783, 28566947, 49087583, 63758250, 52196852, 19653466, 2140410, 39558, 176]"
"6,0,6,0","[1, 4, 12, 34, 96, 272, 766, 2156, 5908, 15958, 42012, 108858, 274021, 656998, 1491906, 3136152, 5834236, 8849090, 9745835, 6792578, 2547005, 395978, 16596, 322, 6]"
"6,0,7,0","[1, 4, 12, 35, 100, 288, 824, 2358, 6582, 18190, 49314, 132004, 346835, 889054, 2202376, 5271091, 12019053, 25754894, 50077834, 83935052, 111197582, 104465929, 61035552, 18917707, 2553144, 122950, 2759, 75, 1]"
"6,1,6,1","[1, 4, 12, 34, 92, 246, 654, 1732, 4499, 11257, 27544, 65162, 147279, 312565, 593458, 907990, 933648, 510911, 107181, 4499, 32]"
"6,1,6,2","[1, 4, 12, 34, 96, 272, 758, 2100, 5806, 15895, 43057, 113718, 282015, 615132, 1021781, 1009590, 460099, 57645, 775, 10]"
"6,1,6,3","[1, 4, 12, 34, 96, 272, 764, 2140, 5922, 15978, 41975, 107160, 257327, 544960, 914732, 1017311, 589230, 126495, 4336, 45, 5, 1]"
"6,1,7,1","[1, 4, 12, 35, 96, 264, 724, 1982, 5349, 14296, 38099, 100970, 264188, 677814, 1681903, 3907164, 7945359, 12168170, 10270708, 2744828, 94613, 219, 2]"
"6,1,7,2","[1, 4, 12, 35, 100, 288, 816, 2306, 6500, 18269, 51046, 142019, 391804, 1055752, 2714542, 6315075, 11656139, 12730477, 4614019, 217047, 545, 4]"
"6,1,7,3","[1, 4, 12, 35, 100, 288, 822, 2342, 6640, 18660, 52058, 144082, 391789, 1037734, 2601663, 5876409, 10674034, 12413001, 6039492, 649568, 7953, 108, 5]"
"6,2,6,2","[1, 4, 12, 34, 96, 270, 750, 2076, 5660, 15278, 40626, 104759, 256869, 561929, 961972, 1029814, 544855, 100168, 3559, 68]"
"6,2,6,3","[1, 4, 12, 34, 96, 272, 760, 2094, 5564, 14353, 35767, 85776, 194349, 397155, 685277, 913659, 812354, 397533, 80205, 3520, 15]"
"6,2,7,1","[1, 4, 12, 35, 100, 288, 822, 2342, 6664, 18789, 52636, 145006, 389829, 1010695, 2470288, 5418790, 9712619, 11926446, 7316432, 1401375, 43433, 189, 5]"
"6,2,7,2","[1, 4, 12, 35, 100, 288, 824, 2358, 6690, 18956, 53393, 149317, 412953, 1117499, 2879356, 6673722, 12083322, 12458610, 3928728, 130182, 427, 18, 4, 1]"
"6,2,7,3","[1, 4, 12, 35, 100, 288, 824, 2358, 6678, 18794, 52477, 145222, 394890, 1045185, 2627772, 5935807, 10757689, 12428033, 5915203, 579057, 6323, 47, 1]"
"6,3,6,3","[1, 4, 12, 34, 96, 234, 441, 536, 364, 138, 42, 13, 4, 1]"
"6,3,7,1","[1, 4, 12, 35, 100, 288, 828, 2382, 6818, 19252, 53441, 145948, 388531, 992926, 2383717, 5143106, 9184484, 11721091, 8094428, 1737698, 41584, 118, 8]"
"6,3,7,2","[1, 4, 12, 35, 100, 288, 818, 2296, 6290, 16895, 44311, 113318, 281337, 678008, 1568856, 3375621, 6479801, 10125846, 10809938, 5631902, 770950, 10118, 47, 7, 1]"
"6,3,7,3","[1, 4, 12, 35, 100, 288, 818, 2296, 6198, 16175, 40265, 97650, 232097, 535206, 1192518, 2498483, 4732917, 7681804, 9837876, 8504192, 3949434, 578983, 9424, 24]"
"7,0,7,0","[1, 4, 12, 36, 104, 304, 884, 2568, 7296, 20588, 57264, 157388, 427347, 1142182, 2986088, 7610534, 18800812, 44647127, 100580241, 210759873, 396363655, 626453962, 753365828, 608714683, 280828611, 57071285, 3459891, 50902, 894, 34, 2]"
"7,1,7,1","[1, 4, 12, 36, 100, 280, 782, 2172, 5971, 16344, 44674, 121725, 329164, 881662, 2325380, 5962263, 14560895, 32291518, 58911976, 72921480, 43657755, 7337658, 128884, 64]"
"7,1,7,2","[1, 4, 12, 36, 104, 304, 882, 2556, 7396, 21335, 61288, 175431, 499159, 1402309, 3847925, 10125735, 24608765, 50930804, 75660965, 58451117, 13351784, 352388, 496, 4]"
"7,1,7,3","[1, 4, 12, 36, 104, 304, 888, 2592, 7550, 21827, 62848, 179890, 508953, 1417505, 3827951, 9836121, 23084268, 46012286, 68456624, 61710742, 22665096, 1693000, 12143, 55]"
"7,1,8,1","[1, 4, 12, 36, 101, 284, 800, 2244, 6231, 17248, 47738, 131943, 363151, 994857, 2708423, 7300878, 19406881, 50564619, 127949390, 309969211, 694916585, 1327370312, 1846431296, 1425590218, 394688071, 18528398, 31864, 4]"
"7,1,8,2","[1, 4, 12, 36, 105, 308, 898, 2616, 7612, 22132, 64274, 186302, 538391, 1549177, 4426798, 12521086, 34804903, 93976293, 241385891, 567097167, 1132930925, 1695349812, 1571074487, 726955668, 136661236, 7408688, 55892, 86]"
"7,1,8,3","[1, 4, 12, 36, 105, 308, 904, 2652, 7764, 22704, 66238, 192696, 559675, 1622310, 4682209, 13420853, 37978978, 105044322, 277890591, 673233225, 1366432424, 1955529678, 1448079665, 331575041, 10656361, 21973, 64, 6, 1]"
"7,1,8,4","[1, 4, 12, 36, 105, 308, 904, 2652, 7772, 22742, 66058, 190350, 544767, 1551104, 4376177, 12200295, 33378053, 88609341, 223740052, 519013406, 1042478599, 1638772465, 1693929533, 844784191, 120890361, 2457997, 3510, 4, 1]"
"7,2,7,2","[1, 4, 12, 36, 104, 304, 882, 2556, 7348, 21089, 60198, 170878, 483047, 1350750, 3713131, 9901459, 24751869, 53382133, 81386412, 56474443, 7747652, 46398, 90, 4]"
"7,2,7,3","[1, 4, 12, 36, 104, 304, 884, 2568, 7386, 21153, 60242, 170638, 480206, 1338600, 3669633, 9759143, 24255266, 51825779, 79036338, 58464681, 10296837, 110963, 22]"
"7,2,8,1","[1, 4, 12, 36, 105, 308, 898, 2616, 7608, 22080, 63848, 184217, 529198, 1507529, 4240184, 11702443, 31547013, 82592486, 208606011, 498423747, 1053783315, 1744786473, 1782660373, 741473202, 64515790, 371137, 165, 1]"
"7,2,8,2","[1, 4, 12, 36, 105, 308, 900, 2628, 7632, 22166, 64221, 185730, 535989, 1542372, 4419762, 12582948, 35442423, 97912691, 260697691, 644842737, 1365910168, 2061341839, 1489548161, 249384812, 2575216, 243, 4, 1]"
"7,2,8,3","[1, 4, 12, 36, 105, 308, 900, 2628, 7600, 21904, 62830, 179685, 512970, 1461566, 4153024, 11754695, 33062582, 91832571, 248227263, 630211869, 1378487152, 2121509406, 1489111048, 215081298, 1339210, 129, 4]"
"7,2,8,4","[1, 4, 12, 36, 105, 308, 900, 2628, 7568, 21632, 61150, 170940, 472595, 1291073, 3480096, 9241714, 24085975, 61094598, 148690608, 339194262, 698265022, 1221973010, 1653936208, 1457203246, 564747212, 42918188, 161695, 14]"
"7,3,7,3","[1, 4, 12, 36, 104, 304, 882, 2556, 7252, 20414, 56958, 157083, 427221, 1136652, 2940751, 7266547, 16664016, 33946722, 56726914, 67277309, 43332292, 9251244, 284638, 876, 12]"
"7,3,8,1","[1, 4, 12, 36, 105, 308, 904, 2652, 7764, 22586, 65454, 189083, 541001, 1533610, 4278589, 11704393, 31191459, 80414906, 198632165, 460207538, 941612966, 1548535890, 1750413581, 1013328749, 180018538, 4311470, 7019, 17]"
"7,3,8,2","[1, 4, 12, 36, 105, 308, 900, 2628, 7620, 22012, 63286, 181444, 518562, 1477610, 4191680, 11808380, 32883177, 89835254, 236919673, 583499628, 1248424304, 1979974416, 1651847207, 377978304, 7382280, 1950, 18, 1]"
"7,3,8,3","[1, 4, 12, 36, 105, 308, 900, 2628, 7516, 21366, 60394, 170260, 478181, 1337721, 3725246, 10310372, 28246073, 76003329, 197654762, 481463186, 1032718245, 1731912191, 1813766446, 781951108, 66862833, 327355, 204, 13, 4, 1]"
"7,3,8,4","[1, 4, 12, 36, 105, 308, 900, 2628, 7484, 21094, 58560, 159406, 424864, 1107866, 2837639, 7138778, 17583480, 42144014, 96751294, 209149083, 416770398, 740914456, 1124120592, 1386191010, 1276324295, 733031244, 165741895, 6526232, 13118, 4]"
"8,4,8,4","[1, 4, 12, 36, 106, 312, 916, 2634, 7277, 18260, 40668, 73348, 92005, 64142, 20123, 2528, 172, 16]"
