0011,"[1, 3]"
0101,"[1, 1]"
00011,"[1, 2, 2]"
00111,"[1, 3, 1]"
01010,"[1, 2, 2]"
000111,"[1, 2, 3, 4, 4, 3, 2, 1]"
010101,"[1, 2, 3, 4, 3, 2, 3, 2]"
0000111,"[1, 2, 4, 8, 9, 6, 2, 2, 1]"
0001111,"[1, 2, 3, 6, 5, 5, 5, 4, 2, 2]"
0101010,"[1, 3, 4, 3, 5, 7, 7, 4, 1]"
00001111,"[1, 2, 4, 8, 13, 12, 16, 4, 4, 4, 2]"
01010101,"[1, 2, 3, 6, 6, 6, 4, 6, 12, 12, 8, 2, 2]"
000001111,"[1, 2, 3, 6, 11, 13, 16, 18, 17, 17, 13, 5, 2, 2]"
000011111,"[1, 2, 4, 8, 15, 20, 23, 14, 17, 13, 4, 2, 2, 1]"
010101010,"[1, 3, 5, 5, 9, 13, 16, 15, 18, 17, 16, 7, 1]"
0000011111,"[1, 2, 3, 6, 11, 17, 22, 27, 30, 34, 36, 27, 17, 13, 5, 1]"
0101010101,"[1, 2, 3, 6, 10, 13, 9, 13, 25, 42, 46, 24, 26, 20, 9, 3]"
00000011111,"[1, 2, 3, 5, 10, 15, 27, 33, 42, 54, 68, 65, 47, 35, 32, 16, 4, 2, 1]"
00000111111,"[1, 2, 3, 6, 11, 18, 23, 38, 45, 55, 71, 66, 45, 36, 26, 11, 3, 2]"
01010101010,"[1, 3, 5, 6, 11, 19, 31, 40, 42, 50, 62, 69, 44, 36, 23, 14, 5, 1]"
000000111111,"[1, 2, 3, 5, 10, 15, 28, 37, 54, 77, 106, 133, 113, 102, 99, 66, 35, 18, 14, 4, 2]"
010101010101,"[1, 2, 3, 6, 10, 15, 19, 21, 37, 66, 97, 102, 87, 110, 120, 88, 57, 44, 26, 8, 5]"
0000000111111,"[1, 2, 3, 5, 9, 15, 28, 41, 57, 84, 125, 183, 201, 214, 215, 199, 139, 78, 62, 32, 16, 4, 2, 1]"
0000001111111,"[1, 2, 3, 5, 10, 15, 29, 41, 62, 85, 127, 172, 196, 202, 212, 210, 146, 88, 65, 33, 10, 2]"
0101010101010,"[1, 3, 5, 6, 12, 21, 35, 54, 73, 89, 118, 171, 211, 187, 174, 195, 167, 88, 64, 29, 9, 2, 2]"
00000001111111,"[1, 2, 3, 5, 9, 15, 28, 44, 62, 88, 134, 202, 259, 317, 374, 431, 459, 365, 258, 181, 118, 46, 18, 11, 2]"
01010101010101,"[1, 2, 3, 6, 10, 15, 21, 33, 48, 84, 136, 183, 220, 230, 298, 381, 399, 362, 308, 273, 199, 98, 64, 40, 13, 5]"
000000001111111,"[1, 2, 3, 5, 9, 14, 27, 44, 62, 90, 132, 203, 279, 371, 478, 607, 724, 802, 733, 626, 518, 363, 190, 94, 42, 14, 2]"
000000011111111,"[1, 2, 3, 5, 9, 15, 28, 45, 63, 93, 144, 219, 288, 399, 486, 615, 736, 807, 746, 608, 488, 315, 166, 89, 46, 14, 3, 2]"
010101010101010,"[1, 3, 5, 6, 12, 22, 37, 58, 86, 121, 174, 253, 364, 470, 547, 593, 669, 715, 673, 545, 444, 318, 152, 88, 50, 24, 4, 1]"
0000000011111111,"[1, 2, 3, 5, 9, 14, 27, 44, 63, 91, 138, 214, 295, 407, 567, 736, 942, 1200, 1410, 1482, 1423, 1310, 1045, 676, 409, 237, 83, 25, 12]"
0101010101010101,"[1, 2, 3, 6, 10, 15, 21, 33, 58, 94, 154, 224, 306, 396, 528, 720, 992, 1160, 1225, 1245, 1334, 1238, 1014, 746, 572, 403, 199, 102, 55, 14]"
00000000011111111,"[1, 2, 3, 5, 9, 14, 26, 42, 62, 89, 137, 211, 287, 403, 579, 793, 1049, 1388, 1826, 2271, 2607, 2791, 2810, 2346, 1837, 1310, 765, 381, 171, 72, 18, 3, 2]"
00000000111111111,"[1, 2, 3, 5, 9, 14, 27, 44, 64, 92, 143, 221, 304, 418, 597, 813, 1043, 1409, 1810, 2221, 2605, 2770, 2714, 2405, 1863, 1292, 806, 370, 165, 63, 17]"
01010101010101010,"[1, 3, 5, 6, 12, 22, 38, 60, 89, 132, 203, 312, 453, 664, 912, 1206, 1487, 1836, 2289, 2522, 2443, 2328, 2220, 1800, 1265, 859, 575, 311, 137, 75, 38, 4, 2, 1]"
000000000111111111,"[1, 2, 3, 5, 9, 14, 26, 42, 62, 90, 139, 215, 289, 406, 580, 813, 1100, 1491, 2033, 2704, 3458, 4295, 5059, 5446, 5415, 4807, 3927, 2837, 1688, 929, 478, 178, 48, 20, 9, 2]"
010101010101010101,"[1, 2, 3, 6, 10, 15, 21, 33, 58, 102, 166, 241, 344, 499, 727, 1029, 1476, 2082, 2650, 3052, 3680, 4296, 4741, 4753, 4442, 3970, 3327, 2571, 1749, 1152, 684, 420, 176, 90, 40, 6, 4, 2]"
0000000000111111111,"[1, 2, 3, 5, 9, 14, 26, 41, 61, 90, 138, 212, 290, 400, 577, 814, 1108, 1527, 2123, 2896, 3892, 5120, 6482, 7895, 9086, 9900, 9995, 9242, 7477, 5434, 3490, 2137, 1104, 483, 186, 88, 23, 6, 1]"
0000000001111111111,"[1, 2, 3, 5, 9, 14, 26, 42, 62, 91, 140, 217, 295, 415, 591, 830, 1124, 1534, 2115, 2878, 3834, 5055, 6540, 7921, 9223, 9931, 9839, 9008, 7542, 5564, 3546, 2115, 1130, 468, 184, 63, 20, 1]"
0101010101010101010,"[1, 3, 5, 6, 12, 22, 38, 61, 91, 135, 212, 339, 509, 754, 1118, 1616, 2256, 3065, 4116, 5433, 6792, 7634, 8380, 8994, 9017, 8210, 7077, 5659, 4099, 2809, 1765, 998, 590, 316, 147, 71, 20, 5, 2, 1]"
00000000001111111111,"[1, 2, 3, 5, 9, 14, 26, 41, 61, 90, 139, 214, 291, 406, 576, 810, 1112, 1543, 2123, 2966, 4069, 5507, 7368, 9646, 12127, 14576, 16921, 18593, 19072, 18228, 15726, 12137, 8636, 5644, 3219, 1576, 749, 350, 129, 32, 14, 3, 2]"
01010101010101010101,"[1, 2, 3, 6, 10, 15, 21, 33, 58, 102, 172, 255, 361, 534, 828, 1235, 1844, 2673, 3821, 5121, 6685, 8593, 10859, 13205, 15123, 16344, 17096, 16789, 15360, 13201, 10889, 8244, 5703, 3867, 2451, 1431, 834, 510, 238, 96, 69, 51, 13, 4, 4, 2]"
000000000001111111111,"[1, 2, 3, 5, 9, 14, 26, 41, 60, 88, 138, 211, 285, 399, 564, 782, 1086, 1513, 2120, 2954, 4099, 5696, 7728, 10396, 13805, 17559, 21695, 26058, 30066, 32851, 34209, 33154, 30113, 25140, 19524, 13293, 8151, 4672, 2485, 1085, 413, 151, 49, 18, 3, 2]"
000000000011111111111,"[1, 2, 3, 5, 9, 14, 26, 41, 61, 90, 140, 214, 296, 410, 580, 804, 1104, 1541, 2128, 2940, 4076, 5580, 7616, 10283, 13610, 17556, 21856, 26066, 30051, 33205, 34488, 33653, 30375, 25051, 19055, 13229, 8032, 4399, 2326, 1125, 427, 145, 65, 27, 11]"
010101010101010101010,"[1, 3, 5, 6, 12, 22, 38, 61, 92, 137, 215, 347, 533, 810, 1210, 1816, 2689, 3908, 5607, 7916, 10960, 14613, 18541, 22473, 26837, 30539, 32404, 32603, 31051, 28070, 23140, 18255, 13500, 9233, 5970, 3796, 2343, 1341, 811, 428, 194, 91, 56, 23, 8, 5, 2, 1]"
0000000000011111111111,"[1, 2, 3, 5, 9, 14, 26, 41, 60, 88, 138, 212, 287, 401, 562, 772, 1053, 1479, 2056, 2863, 3973, 5566, 7714, 10511, 14402, 19258, 25105, 31897, 39349, 47006, 54302, 59980, 63226, 63782, 61166, 54802, 45197, 34083, 23137, 14737, 8553, 4288, 1881, 872, 390, 135, 37, 7, 3, 1]"
0101010101010101010101,"[1, 2, 3, 6, 10, 15, 21, 33, 58, 102, 172, 259, 377, 551, 864, 1331, 2051, 3081, 4504, 6500, 9275, 12849, 17335, 23121, 30361, 37521, 44822, 52426, 58528, 61486, 61215, 58316, 52866, 44352, 35499, 27405, 19761, 13733, 9281, 5915, 3770, 2350, 1366, 751, 559, 302, 139, 87, 65, 23, 6, 4, 2]"
00000000000011111111111,"[1, 2, 3, 5, 9, 14, 26, 41, 60, 87, 136, 211, 284, 393, 556, 759, 1020, 1431, 1994, 2789, 3852, 5437, 7608, 10522, 14535, 19785, 26499, 34662, 44672, 56033, 68741, 81719, 93726, 103405, 110787, 115176, 113624, 106885, 94874, 77450, 58263, 40679, 25577, 14371, 7482, 3495, 1546, 554, 193, 81, 18, 4, 2]"
00000000000111111111111,"[1, 2, 3, 5, 9, 14, 26, 41, 60, 88, 138, 213, 287, 403, 563, 777, 1049, 1466, 2022, 2811, 3866, 5411, 7521, 10347, 14303, 19546, 26181, 34622, 44658, 56195, 68661, 81734, 93919, 104311, 111609, 115385, 114170, 107176, 94740, 77191, 57779, 40010, 25469, 14217, 7257, 3444, 1523, 572, 174, 79, 27, 3]"
01010101010101010101010,"[1, 3, 5, 6, 12, 22, 38, 61, 92, 138, 217, 350, 540, 833, 1263, 1905, 2877, 4339, 6499, 9530, 13866, 19796, 27698, 37764, 49481, 63552, 79359, 93986, 106103, 115203, 119782, 116575, 107511, 94672, 77834, 60827, 45126, 32028, 22038, 14837, 9767, 6208, 3842, 2364, 1355, 801, 467, 240, 119, 79, 42, 12, 8, 3, 2]"
000000000000111111111111,"[1, 2, 3, 5, 9, 14, 26, 41, 60, 87, 136, 211, 285, 393, 554, 757, 1013, 1395, 1936, 2688, 3685, 5171, 7245, 10106, 14015, 19429, 26601, 35852, 47568, 62080, 79255, 99077, 120673, 142990, 164433, 183589, 200389, 211431, 216251, 212517, 200356, 177693, 147437, 114239, 80738, 51650, 30058, 16197, 7989, 3483, 1484, 589, 197, 47, 18, 6, 2]"
010101010101010101010101,"[1, 2, 3, 6, 10, 15, 21, 33, 58, 102, 172, 259, 379, 565, 879, 1361, 2131, 3262, 4881, 7203, 10712, 15730, 22571, 31862, 44319, 60509, 80051, 102461, 128017, 156151, 183012, 204041, 218670, 225169, 219795, 203124, 179227, 150961, 121399, 94176, 70497, 51190, 36160, 24655, 16526, 11345, 7297, 4824, 3146, 2077, 1311, 831, 463, 259, 127, 85, 43, 10, 4, 4, 2]"
0000000000000111111111111,"[1, 2, 3, 5, 9, 14, 26, 41, 60, 87, 135, 209, 284, 391, 546, 748, 999, 1363, 1871, 2594, 3572, 5000, 6976, 9771, 13670, 18984, 26214, 35751, 48237, 64018, 83992, 108255, 136958, 169448, 204723, 241424, 277886, 312312, 344070, 367936, 384438, 390085, 382088, 359625, 324593, 274704, 215297, 154563, 102045, 61549, 33467, 16484, 7571, 3267, 1307, 422, 140, 52, 15, 3]"
0000000000001111111111111,"[1, 2, 3, 5, 9, 14, 26, 41, 60, 87, 136, 211, 286, 393, 558, 761, 1012, 1384, 1905, 2627, 3570, 4976, 6922, 9646, 13429, 18637, 25845, 35349, 47865, 63923, 84028, 108532, 137257, 170222, 205998, 243506, 280071, 315174, 346724, 370850, 386708, 391339, 382698, 359118, 321731, 270853, 211459, 151674, 99834, 60298, 33310, 16473, 7487, 3292, 1318, 436, 144, 66, 16, 1]"
0101010101010101010101010,"[1, 3, 5, 6, 12, 22, 38, 61, 92, 138, 218, 352, 543, 839, 1283, 1954, 2961, 4512, 6886, 10380, 15478, 22875, 33534, 48451, 68762, 95416, 129405, 171982, 220784, 271868, 324559, 374226, 412134, 431400, 432350, 413059, 372717, 321351, 264802, 207802, 157535, 116383, 83811, 58694, 40654, 27749, 18563, 12441, 7972, 5104, 3237, 2004, 1180, 748, 421, 261, 137, 83, 36, 17, 7, 2]"
00000000000001111111111111,"[1, 2, 3, 5, 9, 14, 26, 41, 60, 87, 135, 209, 284, 392, 547, 750, 996, 1345, 1821, 2508, 3417, 4725, 6564, 9168, 12849, 17865, 24856, 34458, 47204, 63834, 85462, 112985, 146824, 188186, 236692, 291375, 351919, 414931, 479787, 543637, 603807, 656347, 697794, 724799, 733180, 722530, 689843, 631659, 545260, 441542, 332198, 228739, 144095, 82679, 43352, 21211, 9526, 3737, 1510, 596, 168, 31, 16, 5, 2, 1]"
01010101010101010101010101,"[1, 2, 3, 6, 10, 15, 21, 33, 58, 102, 172, 259, 379, 567, 891, 1378, 2159, 3334, 5057, 7551, 11407, 17147, 25502, 37522, 54613, 78220, 110385, 152866, 206065, 271492, 351440, 441659, 536601, 630242, 715255, 781032, 814338, 813807, 777395, 706440, 616174, 522647, 426882, 335747, 258549, 194328, 141913, 103418, 74377, 52388, 37132, 26148, 18448, 13063, 8677, 5812, 3777, 2345, 1401, 861, 476, 265, 142, 88, 64, 30, 10, 6, 4, 2]"
000000000000001111111111111,"[1, 2, 3, 5, 9, 14, 26, 41, 60, 87, 135, 208, 282, 390, 545, 739, 982, 1330, 1780, 2428, 3296, 4566, 6300, 8762, 12286, 17159, 23840, 33211, 45806, 62511, 84533, 113213, 149520, 195344, 251566, 318717, 397238, 486759, 585220, 689418, 799295, 911248, 1017945, 1117237, 1205151, 1273404, 1317310, 1336079, 1325643, 1274503, 1181333, 1046872, 875520, 680142, 487611, 319874, 192886, 106061, 52368, 23577, 9997, 3951, 1331, 406, 155, 57, 10, 2]"
000000000000011111111111111,"[1, 2, 3, 5, 9, 14, 26, 41, 60, 87, 135, 209, 284, 393, 547, 752, 995, 1344, 1810, 2469, 3341, 4588, 6287, 8717, 12103, 16860, 23421, 32608, 45103, 61751, 83784, 112460, 149058, 195189, 251607, 319645, 399128, 488894, 587984, 693469, 804849, 916535, 1023423, 1123905, 1211072, 1276721, 1318884, 1337362, 1324150, 1270765, 1174987, 1040651, 868789, 674373, 481624, 316631, 190424, 104588, 52861, 24033, 10142, 4124, 1523, 482, 138, 61, 18, 2]"
010101010101010101010101010,"[1, 3, 5, 6, 12, 22, 38, 61, 92, 138, 218, 353, 545, 842, 1289, 1972, 3007, 4593, 7044, 10739, 16267, 24422, 36538, 54446, 80143, 116828, 167851, 237293, 329310, 447325, 589685, 754121, 938868, 1131103, 1309045, 1454261, 1556310, 1591466, 1551301, 1451717, 1297689, 1108747, 914635, 732050, 568686, 430887, 321487, 236198, 171364, 123905, 88460, 62322, 43447, 29827, 20365, 13901, 9103, 5955, 3859, 2448, 1538, 943, 563, 296, 164, 94, 49, 23, 7, 5, 3]"
0000000000000011111111111111,"[1, 2, 3, 5, 9, 14, 26, 41, 60, 87, 135, 208, 282, 390, 546, 739, 982, 1320, 1764, 2373, 3195, 4393, 5959, 8209, 11412, 15930, 22063, 30835, 42903, 59323, 81090, 110062, 147682, 196464, 258005, 334929, 428683, 539822, 670625, 819488, 983473, 1163453, 1354251, 1549849, 1745883, 1936515, 2113635, 2264725, 2390276, 2484070, 2531510, 2522279, 2455104, 2325378, 2122511, 1842912, 1501161, 1138338, 795540, 508670, 296465, 157486, 76142, 34410, 14447, 5254, 1902, 679, 169, 38, 9, 4, 2, 1]"
0101010101010101010101010101,"[1, 2, 3, 6, 10, 15, 21, 33, 58, 102, 172, 259, 379, 567, 893, 1388, 2178, 3362, 5125, 7717, 11736, 17816, 26863, 40369, 60266, 89081, 130460, 188833, 269594, 378163, 520413, 702540, 929422, 1199607, 1507694, 1843391, 2184611, 2496969, 2757022, 2933226, 2991239, 2915954, 2734117, 2480142, 2172413, 1840782, 1518213, 1223199, 964156, 745462, 569776, 430582, 323287, 242365, 180800, 134847, 100080, 73175, 52708, 37449, 26062, 17534, 11579, 7462, 4873, 3091, 1899, 1209, 731, 432, 288, 162, 87, 46, 18, 6, 4, 4]"
00000000000000011111111111111,"[1, 2, 3, 5, 9, 14, 26, 41, 60, 87, 135, 208, 281, 388, 543, 737, 970, 1305, 1743, 2333, 3101, 4232, 5756, 7877, 10890, 15119, 21046, 29297, 40760, 56551, 77806, 106179, 143445, 192638, 255712, 336486, 437716, 562084, 713616, 893452, 1103340, 1341949, 1609124, 1903494, 2219582, 2549431, 2888705, 3230503, 3557144, 3859343, 4135480, 4370322, 4541975, 4639830, 4659145, 4590786, 4406349, 4100121, 3670858, 3117096, 2478977, 1826938, 1234716, 764025, 432627, 223942, 106142, 45533, 18406, 6905, 2347, 686, 204, 67, 12, 2]"
00000000000000111111111111111,"[1, 2, 3, 5, 9, 14, 26, 41, 60, 87, 135, 208, 282, 390, 547, 739, 983, 1324, 1762, 2354, 3148, 4285, 5773, 7854, 10827, 14961, 20663, 28750, 40024, 55595, 76691, 104988, 142240, 191329, 254876, 336127, 438146, 563972, 716419, 897855, 1109125, 1349549, 1618077, 1914378, 2231696, 2563927, 2905515, 3246247, 3569614, 3869561, 4141404, 4374168, 4538784, 4629696, 4647212, 4573212, 4386499, 4082851, 3651651, 3103031, 2468936, 1821259, 1232903, 764074, 434358, 225835, 106933, 46087, 18528, 6955, 2279, 644, 202, 62, 11, 2]"
01010101010101010101010101010,"[1, 3, 5, 6, 12, 22, 38, 61, 92, 138, 218, 353, 546, 844, 1292, 1978, 3024, 4636, 7123, 10892, 16611, 25160, 37980, 57272, 85930, 128230, 189995, 278623, 404401, 579801, 818384, 1132110, 1530057, 2018872, 2595569, 3238303, 3910784, 4564467, 5142104, 5566033, 5790787, 5789814, 5548993, 5107579, 4532860, 3886433, 3236923, 2627073, 2085120, 1628068, 1255151, 958780, 725654, 546735, 408511, 303380, 223190, 162739, 117524, 84255, 59833, 41503, 28686, 19846, 13346, 8849, 5849, 3692, 2329, 1438, 812, 471, 273, 161, 71, 36, 14, 7, 4, 1]"
000000000000000111111111111111,"[1, 2, 3, 5, 9, 14, 26, 41, 60, 87, 135, 208, 281, 388, 543, 738, 970, 1305, 1737, 2309, 3039, 4110, 5531, 7466, 10204, 14049, 19414, 26881, 37402, 52057, 72307, 99458, 135707, 184022, 247467, 329803, 435725, 569326, 736809, 941660, 1189278, 1484622, 1826457, 2218772, 2660772, 3152457, 3684512, 4252788, 4849345, 5457362, 6059732, 6649994, 7217554, 7734944, 8172222, 8523135, 8772366, 8887733, 8843634, 8619125, 8205122, 7580405, 6730255, 5668363, 4469225, 3265081, 2191987, 1347308, 758516, 390640, 183445, 79075, 31918, 12030, 4150, 1380, 411, 80, 17, 7, 2]"
010101010101010101010101010101,"[1, 2, 3, 6, 10, 15, 21, 33, 58, 102, 172, 259, 379, 567, 893, 1390, 2186, 3383, 5153, 7785, 11892, 18132, 27517, 41684, 63028, 94558, 141324, 209834, 309158, 450662, 649604, 922887, 1290765, 1775305, 2393869, 3161298, 4088623, 5158176, 6321639, 7524785, 8694410, 9728560, 10479491, 10860400, 10839580, 10439343, 9724414, 8787681, 7704022, 6577256, 5502107, 4514561, 3638238, 2902800, 2287638, 1796070, 1405456, 1095037, 852988, 661370, 509205, 389737, 294137, 219442, 160472, 115416, 81348, 57055, 39968, 27487, 18622, 12511, 8416, 5670, 3611, 2296, 1483, 918, 525, 327, 154, 74, 44, 14, 4, 4]"
0000000000000000111111111111111,"[1, 2, 3, 5, 9, 14, 26, 41, 60, 87, 135, 208, 281, 387, 541, 736, 968, 1295, 1720, 2289, 2998, 4014, 5346, 7233, 9799, 13416, 18427, 25519, 35378, 49117, 68189, 94115, 128921, 175454, 237183, 318360, 423770, 559057, 731513, 947450, 1216466, 1544542, 1939324, 2408113, 2951836, 3577202, 4287120, 5079277, 5946796, 6884452, 7882601, 8919990, 9975182, 11047649, 12111799, 13122312, 14050699, 14887874, 15596199, 16118905, 16427555, 16478439, 16257057, 15725290, 14839377, 13586886, 11961477, 9977240, 7791325, 5630886, 3742707, 2277764, 1270038, 646043, 304158, 131601, 51716, 18889, 6549, 2031, 553, 152, 54, 3]"
0101010101010101010101010101010,"[1, 3, 5, 6, 12, 22, 38, 61, 92, 138, 218, 353, 546, 845, 1294, 1981, 3030, 4652, 7165, 10969, 16761, 25480, 38674, 58641, 88591, 133676, 200902, 300386, 446243, 658716, 964621, 1396865, 1996347, 2808116, 3875395, 5237002, 6914358, 8893146, 11129084, 13521015, 15900320, 18058541, 19814178, 20960742, 21334940, 20925424, 19792658, 18078781, 16021154, 13814369, 11617090, 9576764, 7774989, 6235788, 4949660, 3904268, 3062419, 2391087, 1856602, 1432708, 1099705, 837587, 632203, 475798, 353996, 260114, 189549, 136841, 98016, 69449, 48619, 33918, 23231, 15536, 10237, 6750, 4270, 2665, 1660, 965, 559, 304, 155, 79, 33, 16, 7, 1]"
00000000000000001111111111111111,"[1, 2, 3, 5, 9, 14, 26, 41, 60, 87, 135, 208, 281, 387, 541, 736, 969, 1295, 1720, 2278, 2975, 3945, 5211, 6975, 9336, 12591, 17118, 23496, 32356, 44771, 62184, 86255, 118785, 162810, 221814, 300451, 403719, 538576, 713052, 935264, 1217048, 1569685, 2004506, 2535602, 3172090, 3926342, 4805713, 5820367, 6975465, 8270724, 9702311, 11266116, 12949317, 14729653, 16591597, 18524977, 20482448, 22406797, 24277900, 26069619, 27713750, 29122703, 30261049, 31069056, 31479754, 31441167, 30881255, 29760269, 28051788, 25698172, 22679861, 19034689, 14997898, 10961150, 7378045, 4554048, 2575526, 1332739, 633576, 274839, 108903, 40675, 14389, 4488, 1356, 389, 76, 11, 7, 2, 1]"
01010101010101010101010101010101,"[1, 2, 3, 6, 10, 15, 21, 33, 58, 102, 172, 259, 379, 567, 893, 1390, 2188, 3389, 5172, 7811, 11954, 18270, 27803, 42283, 64271, 97163, 146546, 220228, 329830, 491288, 726596, 1066157, 1549257, 2225099, 3152936, 4399915, 6037067, 8135862, 10760571, 13928551, 17585301, 21640960, 25940148, 30216964, 34114147, 37215496, 39197095, 39880215, 39271382, 37504690, 34745403, 31317817, 27600890, 23819823, 20176926, 16846146, 13887816, 11344560, 9230650, 7475078, 6032903, 4861092, 3908911, 3129785, 2489738, 1968205, 1542864, 1196766, 913746, 689067, 515996, 381932, 280829, 204273, 146963, 105560, 75973, 54294, 37795, 26317, 17951, 12177, 8270, 5369, 3309, 1994, 1217, 655, 356, 214, 126, 66, 30, 14, 4, 4]"
000000000000000001111111111111111,"[1, 2, 3, 5, 9, 14, 26, 41, 60, 87, 135, 208, 281, 387, 540, 734, 966, 1292, 1708, 2259, 2948, 3897, 5109, 6775, 9063, 12133, 16390, 22347, 30673, 42292, 58460, 80902, 111588, 153201, 209185, 284028, 383320, 514007, 684509, 904130, 1185753, 1544135, 1994667, 2555145, 3243092, 4079942, 5080450, 6264251, 7648511, 9252182, 11082561, 13141452, 15433408, 17964767, 20710611, 23652934, 26795289, 30103441, 33509203, 36969228, 40453964, 43895602, 47186115, 50230631, 52956675, 55273150, 57057977, 58219461, 58659622, 58272606, 56996488, 54774711, 51529200, 47197811, 41751874, 35234879, 27984413, 20664538, 14074514, 8794364, 5036738, 2637218, 1261739, 556119, 224839, 82647, 28187, 8877, 2580, 638, 159, 36, 1]"
010101010101010101010101010101010,"[1, 3, 5, 6, 12, 22, 38, 61, 92, 138, 218, 353, 546, 845, 1295, 1983, 3033, 4658, 7180, 11008, 16834, 25624, 38975, 59292, 89869, 136156, 205981, 310645, 466801, 699259, 1043118, 1547225, 2279113, 3327344, 4805879, 6851493, 9614068, 13253279, 17893312, 23618927, 30450010, 38229258, 46635585, 55170644, 63284546, 70220719, 75271053, 77974608, 78014950, 75458106, 70769435, 64478373, 57216315, 49641126, 42258554, 35431263, 29346539, 24081782, 19623816, 15916405, 12860443, 10343608, 8282436, 6603922, 5239329, 4127993, 3237223, 2522367, 1951123, 1495142, 1135542, 856097, 642505, 478023, 352600, 258830, 188040, 135396, 96383, 67895, 47244, 32463, 21822, 14492, 9619, 6014, 3732, 2255, 1281, 695, 399, 214, 113, 53, 25, 13, 1]"
0000000000000000011111111111111111,"[1, 2, 3, 5, 9, 14, 26, 41, 60, 87, 135, 208, 281, 387, 540, 734, 966, 1293, 1708, 2258, 2939, 3871, 5032, 6623, 8779, 11611, 15477, 20867, 28336, 38693, 53249, 73446, 101498, 139782, 191853, 261955, 356032, 480744, 645615, 860331, 1139182, 1497374, 1954403, 2532760, 3256534, 4153363, 5250558, 6579676, 8169063, 10049218, 12254849, 14815659, 17738774, 21047361, 24765590, 28887330, 33402213, 38315546, 43620239, 49271278, 55192039, 61351891, 67698550, 74123622, 80481228, 86660312, 92545014, 97966038, 102761618, 106761450, 109789294, 111665900, 112263612, 111424979, 109011519, 104943714, 99102848, 91413261, 81807195, 70255208, 57123472, 43411035, 30524053, 19733507, 11702609, 6346447, 3151022, 1435726, 598832, 227425, 79537, 26456, 7770, 1958, 508, 85, 20, 4, 1]"
0101010101010101010101010101010101,"[1, 2, 3, 6, 10, 15, 21, 33, 58, 102, 172, 259, 379, 567, 893, 1390, 2188, 3391, 5178, 7828, 11982, 18330, 27933, 42563, 64848, 98359, 149001, 225230, 339779, 511105, 766379, 1143814, 1698305, 2504525, 3664418, 5308805, 7603311, 10745869, 14962137, 20512620, 27646830, 36560899, 47348847, 59924486, 74040907, 89240415, 104700192, 119249855, 131516849, 140460431, 145445648, 146069653, 142338191, 134867542, 124678335, 112722718, 99926688, 87056171, 74759768, 63460239, 53382122, 44670083, 37224150, 30911155, 25618570, 21200359, 17495226, 14378550, 11756327, 9561376, 7719914, 6173912, 4889741, 3839767, 2991946, 2310042, 1768402, 1347939, 1020966, 769106, 578438, 431441, 319926, 235438, 171933, 124018, 88921, 62689, 43443, 29611, 19580, 12852, 8293, 5335, 3347, 2058, 1225, 686, 384, 230, 138, 62, 34, 10, 2]"
00000000000000000111111111111111111,"[1, 2, 3, 5, 9, 14, 26, 41, 60, 87, 135, 208, 281, 387, 540, 734, 966, 1294, 1708, 2259, 2940, 3865, 5011, 6564, 8634, 11340, 14959, 19958, 26797, 36238, 49426, 67756, 93306, 128464, 176487, 241686, 329872, 447495, 604276, 810143, 1080069, 1430103, 1880999, 2457681, 3189602, 4109952, 5254537, 6666511, 8390017, 10469405, 12952208, 15893902, 19342228, 23338489, 27921921, 33130052, 39007286, 45553440, 52782036, 60733966, 69388252, 78674181, 88556437, 98998416, 109935804, 121191100, 132622128, 144065205, 155348366, 166231379, 176468874, 185783717, 193922096, 200586118, 205530401, 208454837, 209124425, 207331137, 202859913, 195542648, 185269479, 171901046, 155276317, 135295639, 112343096, 87678853, 63600527, 42544297, 26117420, 14675434, 7551908, 3558868, 1534164, 605850, 219096, 71912, 21745, 6239, 1526, 316, 79, 24]"
01010101010101010101010101010101010,"[1, 3, 5, 6, 12, 22, 38, 61, 92, 138, 218, 353, 546, 845, 1295, 1984, 3035, 4661, 7186, 11023, 16871, 25694, 39116, 59581, 90488, 137356, 208316, 315406, 476429, 718459, 1081118, 1622136, 2425794, 3611535, 5345177, 7854873, 11445156, 16495653, 23465976, 32870885, 45227942, 61029143, 80642388, 104113665, 131029708, 160504370, 191149658, 220952302, 247662527, 268928150, 282695084, 287831703, 284210943, 272502135, 254234596, 231460621, 206225135, 180431437, 155536889, 132438235, 111725007, 93615826, 78057851, 64853325, 53662966, 44259214, 36375620, 29783111, 24272273, 19692600, 15887067, 12753407, 10179182, 8057313, 6337033, 4955275, 3854929, 2979194, 2287497, 1749714, 1332372, 1007182, 754565, 561670, 413920, 302218, 219085, 156427, 110140, 76669, 52737, 35213, 23018, 15175, 9674, 5988, 3681, 2325, 1372, 758, 415, 231, 131, 65, 30, 8, 3]"
000000000000000000111111111111111111,"[1, 2, 3, 5, 9, 14, 26, 41, 60, 87, 135, 208, 281, 387, 540, 733, 964, 1290, 1706, 2248, 2917, 3833, 4957, 6446, 8409, 10998, 14413, 19041, 25367, 34116, 46207, 62968, 86160, 118371, 162676, 222934, 304457, 414298, 561389, 755877, 1012555, 1348247, 1783774, 2346777, 3067606, 3985609, 5144084, 6593020, 8390826, 10599052, 13289293, 16533489, 20406920, 24998116, 30386619, 36636616, 43829107, 52060554, 61384352, 71833211, 83485124, 96397720, 110569041, 125933212, 142516343, 160289406, 179132205, 198851769, 219273333, 240195698, 261365834, 282444282, 303061061, 322838548, 341352604, 358176030, 372846670, 384868144, 393817063, 399244942, 400765676, 397969280, 390608602, 378392779, 361071460, 338421006, 310174236, 276150208, 236429716, 192130153, 146290074, 103268202, 67113938, 40039951, 21872972, 10932583, 5007038, 2105389, 812700, 285122, 92186, 28407, 7653, 1912, 511, 93, 18, 3, 2]"
010101010101010101010101010101010101,"[1, 2, 3, 6, 10, 15, 21, 33, 58, 102, 172, 259, 379, 567, 893, 1390, 2188, 3391, 5180, 7834, 11997, 18360, 27993, 42689, 65118, 98916, 150167, 227593, 344553, 520569, 785394, 1182045, 1774071, 2652900, 3949984, 5850961, 8607165, 12558637, 18145104, 25921856, 36558399, 50840601, 69646958, 93836802, 124109613, 160861743, 204014385, 253044657, 306601652, 361957453, 415306398, 462740589, 500819680, 526492747, 537453697, 533395022, 515787578, 487152925, 450529684, 408776412, 364681683, 320949568, 279251387, 240826067, 206427175, 176102395, 149782097, 127133396, 107699137, 91061209, 76791390, 64522645, 53980921, 44934940, 37190555, 30553573, 24914948, 20171326, 16222418, 12951960, 10282700, 8122963, 6389223, 4995493, 3892436, 3022948, 2335622, 1793567, 1368544, 1038245, 782908, 584353, 430711, 315080, 227174, 161679, 113840, 79295, 55104, 37535, 25144, 16533, 11051, 7375, 4676, 2873, 1699, 993, 549, 302, 176, 86, 46, 10, 4, 2]"
00000000000000000001111111111111111111,"[1, 2, 3, 5, 9, 14, 26, 41, 60, 87, 135, 208, 281, 387, 540, 733, 963, 1288, 1703, 2245, 2906, 3810, 4917, 6361, 8218, 10601, 13740, 17858, 23361, 30836, 41061, 55017, 74206, 100672, 137360, 187809, 256629, 349906, 476239, 645292, 871156, 1170168, 1563310, 2078461, 2747622, 3613290, 4724912, 6145021, 7948093, 10216369, 13053915, 16576791, 20916097, 26221452, 32644249, 40360823, 49582966, 60497352, 73300568, 88220650, 105511740, 125373671, 148004979, 173675613, 202642559, 235077097, 271089055, 310839237, 354529859, 402141897, 453580954, 508734712, 567471226, 629469240, 694307821, 761490902, 830346920, 900168612, 970148395, 1039308762, 1106579709, 1170894211, 1231044116, 1285769929, 1333784120, 1373965118, 1405008192, 1425744818, 1435139743, 1432062490, 1415572608, 1384906109, 1339358126, 1278282880, 1201219410, 1107675343, 997188093, 869591550, 726468122, 573940080, 423605087, 289411344, 182063333, 105089274, 55600638, 26951842, 11963128, 4864461, 1816842, 617358, 190230, 55224, 14204, 3223, 686, 89, 19, 4, 1]"
0000000000000000000011111111111111111111,"[1, 2, 3, 5, 9, 14, 26, 41, 60, 87, 135, 208, 281, 387, 540, 733, 963, 1287, 1701, 2242, 2903, 3800, 4894, 6318, 8131, 10410, 13339, 17158, 22124, 28703, 37549, 49460, 65469, 87455, 117579, 159150, 216090, 293879, 399627, 542152, 734245, 991859, 1333345, 1786095, 2380520, 3158093, 4169535, 5477479, 7161679, 9315132, 12056308, 15524214, 19884080, 25330286, 32092225, 40427965, 50634267, 63036239, 78010562, 95979402, 117392758, 142704333, 172468187, 207291059, 247726211, 294365875, 347924443, 409153122, 478682511, 557115024, 645194178, 743632459, 852958550, 973563502, 1105817986, 1250071198, 1406414264, 1574695595, 1754592716, 1945603895, 2146982276, 2357778723, 2576565316, 2801757545, 3031427874, 3263530347, 3495569962, 3724846753, 3948430232, 4163279750, 4366090295, 4553448793, 4721978576, 4868263554, 4988644888, 5079727288, 5138404838, 5161323438, 5145757794, 5089206538, 4989388978, 4844488981, 4653226098, 4414535774, 4127407158, 3791140345, 3404574025, 2967257676, 2483823105, 1972119586, 1466731565, 1012189527, 644156084, 376781395, 202315854, 99696144, 45116509, 18761718, 7175135, 2529503, 820279, 242832, 67498, 17051, 3797, 888, 174, 35, 11, 2, 2]"
